Workbook

Sheet Pricing
A1: Precios por Modelo (USD por 1,000,000 de tokens)
A2: Precios reales recopilados en jun-2026 (ver columna Fuente y bloque de fuentes abajo). Los precios cambian: confirmar antes de comprometer presupuesto. Cache = input cacheado (prompt caching).
A4: Modelo | B4: Proveedor | C4: Input $/1M | D4: Output $/1M | E4: Cached input $/1M | F4: Fuente (ver bloque abajo)
A5: Claude Opus 4.7 | B5: Anthropic | C5: 5 | D5: 25 | E5: 0.5 | F5: BenchLM.ai, abr-2026 (cache=10% input)
A6: Claude Sonnet 4.6 | B6: Anthropic | C6: 3 | D6: 15 | E6: 0.3 | F6: BenchLM.ai, abr-2026
A7: Claude Haiku 4.5 | B7: Anthropic | C7: 1 | D7: 5 | E7: 0.1 | F7: BenchLM.ai, abr-2026
A8: GPT-5.4 | B8: OpenAI | C8: 2.5 | D8: 15 | E8: 0.25 | F8: BenchLM.ai, 2026-04-13
A9: GPT-5.2 | B9: OpenAI | C9: 1.75 | D9: 14 | E9: 0.175 | F9: BenchLM.ai, 2026-04-13 (rel 2025-12-10)
A10: GPT-5.1 | B10: OpenAI | C10: 1.25 | D10: 10 | E10: 0.125 | F10: BenchLM.ai, 2026-04-13
A11: GPT-5.4 mini | B11: OpenAI | C11: 0.75 | D11: 4.5 | E11: 0.075 | F11: BenchLM.ai, 2026-04-13
A12: GPT-5.4 nano | B12: OpenAI | C12: 0.2 | D12: 1.25 | E12: 0.02 | F12: BenchLM.ai, 2026-04-13
A13: GPT-5 mini | B13: OpenAI | C13: 0.25 | D13: 2 | E13: 0.025 | F13: OpenRouter/OpenAI, 2026 (cache=10%)
A14: Gemini 2.5 Pro | B14: Google | C14: 1.25 | D14: 10 | E14: 0.3125 | F14: ai.google.dev / TLDL, 2026 (cache aprox 25%)
A15: Gemini 2.5 Flash | B15: Google | C15: 0.3 | D15: 2.5 | E15: 0.075 | F15: ai.google.dev / pricepertoken, 2026 (cache aprox 25%)
A16: Open-source self-host | B16: Self-host | C16: 0.2 | D16: 0.2 | E16: 0.2 | F16: Estimacion infra (depende del despliegue)
A18: Fuentes (URLs)
A19: - Anthropic (Sonnet 4.6, Haiku 4.5, Opus 4.7): https://benchlm.ai/blog/posts/claude-api-pricing (abr-2026)
A20: - Anthropic pricing oficial: https://platform.claude.com/docs/en/about-claude/pricing
A21: - OpenAI (GPT-5.4/5.2/5.1, mini, nano): https://benchlm.ai/blog/posts/openai-api-pricing (2026-04-13)
A22: - OpenAI GPT-5 mini: https://openrouter.ai/openai/gpt-5-mini ; oficial: https://openai.com/api/pricing/
A23: - Google Gemini 2.5 Pro/Flash: https://ai.google.dev/gemini-api/docs/pricing ; https://www.tldl.io/resources/google-gemini-api-pricing
A24: - Benchmark de exactitud (capa semantica vs text-to-SQL): https://dbt-labs.github.io/dbt-llm-sl-bench/ ; https://docs.getdbt.com/blog/semantic-layer-vs-text-to-sql-2026

Sheet Supuestos
A1: Supuestos (editar las celdas amarillas)
A2: Celdas amarillas = inputs configurables. El resto del libro recalcula a partir de aqui.
A4: Volumen
A5: N usuarios | B5: 1
A6: Interacciones por usuario por dia | B6: 20
A7: Dias por mes | B7: 22
A8: % interacciones que usan el nivel planificador | B8: 0.5
A9: % de hit de prompt caching | B9: 0.8
A11: Modelos seleccionados (default = recomendado)
A12: Modelo planificador (heavy) | B12: GPT-5.2
A13: Modelo ligero (light) | B13: GPT-5 mini
A15: Perfil de tokens por interaccion
A16: Componente | B16: Planificador | C16: Ligero
A17: Tokens contexto cacheable (catalogo + system prompt) | B17: 4000 | C17: 2000
A18: Tokens entrada dinamica (historial + mensaje) | B18: 1500 | C18: 500
A19: Tokens de salida | B19: 700 | C19: 200
A21: Nota: el contexto cacheable representa el catalogo de metricas + system prompt, estable entre interacciones y por eso sujeto a prompt caching. La entrada dinamica (historial + mensaje del usuario) se paga a precio normal de input.

Sheet Calculo
A1: Calculo de Costo (modelo seleccionado en Supuestos)
A3: Precios resueltos (lookup desde Pricing)
A4: Nivel | B4: Modelo | C4: Input $/1M | D4: Output $/1M | E4: Cached $/1M
A5: Planificador | B5: =Supuestos!B12 | C5: =VLOOKUP($B5,Pricing!$A$5:$E$16,3,0) | D5: =VLOOKUP($B5,Pricing!$A$5:$E$16,4,0) | E5: =VLOOKUP($B5,Pricing!$A$5:$E$16,5,0)
A6: Ligero | B6: =Supuestos!B13 | C6: =VLOOKUP($B6,Pricing!$A$5:$E$16,3,0) | D6: =VLOOKUP($B6,Pricing!$A$5:$E$16,4,0) | E6: =VLOOKUP($B6,Pricing!$A$5:$E$16,5,0)
A8: Costo por interaccion (USD)
A9: Componente | B9: Planificador | C9: Ligero
A10: Entrada cacheable | B10: =Supuestos!B17*(Supuestos!$B$9*$E$5+(1-Supuestos!$B$9)*$C$5)/1000000 | C10: =Supuestos!C17*(Supuestos!$B$9*$E$6+(1-Supuestos!$B$9)*$C$6)/1000000
A11: Entrada dinamica | B11: =Supuestos!B18*$C$5/1000000 | C11: =Supuestos!C18*$C$6/1000000
A12: Salida | B12: =Supuestos!B19*$D$5/1000000 | C12: =Supuestos!C19*$D$6/1000000
A13: Total por interaccion | B13: =SUM(B10:B12) | C13: =SUM(C10:C12)
A15: Volumen e impacto en costo
A16: Interacciones por mes (total) | B16: =Supuestos!B5*Supuestos!B6*Supuestos!B7
A17: Interacciones planificador / mes | B17: =B16*Supuestos!B8
A18: Interacciones ligero / mes | B18: =B16*(1-Supuestos!B8)
A19: Costo mensual (USD) | B19: =B17*$B$13+B18*$C$13
A20: Costo diario (USD) | B20: =B19/Supuestos!B7
A21: Costo anual (USD) | B21: =B19*12
A22: Costo mensual por usuario (USD) | B22: =B19/Supuestos!B5

Sheet Escenarios
A1: Escenarios: proveedor x numero de usuarios
A2: Mismos supuestos de tokens, %planificador y %cache de la hoja Supuestos, con pares de modelo fijos por proveedor. OpenAI (GPT-5.2 + GPT-5 mini) es el par recomendado. Edita los nombres si quieres otros pares.
A4: Costo por interaccion por proveedor (derivado)
A5: Proveedor | B5: Modelo planificador | C5: Modelo ligero | D5: $/interaccion planif. | E5: $/interaccion ligero | F5: $/interaccion blended
A6: OpenAI (recomendado) | B6: GPT-5.2 | C6: GPT-5 mini | D6: =Supuestos!$B$17*(Supuestos!$B$9*VLOOKUP($B6,Pricing!$A$5:$E$16,5,0)+(1-Supuestos!$B$9)*VLOOKUP($B6,Pricing!$A$5:$E$16,3,0))/1000000+Supuestos!$B$18*VLOOKUP($B6,Pricing!$A$5:$E$16,3,0)/1000000+Supuestos!$B$19*VLOOKUP($B6,Pricing!$A$5:$E$16,4,0)/1000000 | E6: =Supuestos!$C$17*(Supuestos!$B$9*VLOOKUP($C6,Pricing!$A$5:$E$16,5,0)+(1-Supuestos!$B$9)*VLOOKUP($C6,Pricing!$A$5:$E$16,3,0))/1000000+Supuestos!$C$18*VLOOKUP($C6,Pricing!$A$5:$E$16,3,0)/1000000+Supuestos!$C$19*VLOOKUP($C6,Pricing!$A$5:$E$16,4,0)/1000000 | F6: =$D6*Supuestos!$B$8+$E6*(1-Supuestos!$B$8)
A7: Claude | B7: Claude Sonnet 4.6 | C7: Claude Haiku 4.5 | D7: =Supuestos!$B$17*(Supuestos!$B$9*VLOOKUP($B7,Pricing!$A$5:$E$16,5,0)+(1-Supuestos!$B$9)*VLOOKUP($B7,Pricing!$A$5:$E$16,3,0))/1000000+Supuestos!$B$18*VLOOKUP($B7,Pricing!$A$5:$E$16,3,0)/1000000+Supuestos!$B$19*VLOOKUP($B7,Pricing!$A$5:$E$16,4,0)/1000000 | E7: =Supuestos!$C$17*(Supuestos!$B$9*VLOOKUP($C7,Pricing!$A$5:$E$16,5,0)+(1-Supuestos!$B$9)*VLOOKUP($C7,Pricing!$A$5:$E$16,3,0))/1000000+Supuestos!$C$18*VLOOKUP($C7,Pricing!$A$5:$E$16,3,0)/1000000+Supuestos!$C$19*VLOOKUP($C7,Pricing!$A$5:$E$16,4,0)/1000000 | F7: =$D7*Supuestos!$B$8+$E7*(1-Supuestos!$B$8)
A8: Gemini | B8: Gemini 2.5 Pro | C8: Gemini 2.5 Flash | D8: =Supuestos!$B$17*(Supuestos!$B$9*VLOOKUP($B8,Pricing!$A$5:$E$16,5,0)+(1-Supuestos!$B$9)*VLOOKUP($B8,Pricing!$A$5:$E$16,3,0))/1000000+Supuestos!$B$18*VLOOKUP($B8,Pricing!$A$5:$E$16,3,0)/1000000+Supuestos!$B$19*VLOOKUP($B8,Pricing!$A$5:$E$16,4,0)/1000000 | E8: =Supuestos!$C$17*(Supuestos!$B$9*VLOOKUP($C8,Pricing!$A$5:$E$16,5,0)+(1-Supuestos!$B$9)*VLOOKUP($C8,Pricing!$A$5:$E$16,3,0))/1000000+Supuestos!$C$18*VLOOKUP($C8,Pricing!$A$5:$E$16,3,0)/1000000+Supuestos!$C$19*VLOOKUP($C8,Pricing!$A$5:$E$16,4,0)/1000000 | F8: =$D8*Supuestos!$B$8+$E8*(1-Supuestos!$B$8)
A11: Costo MENSUAL por escenario (USD)
A12: Usuarios | B12: OpenAI | C12: Claude | D12: Gemini
A13: 1 | B13: =$F$6*($A13*Supuestos!$B$6*Supuestos!$B$7) | C13: =$F$7*($A13*Supuestos!$B$6*Supuestos!$B$7) | D13: =$F$8*($A13*Supuestos!$B$6*Supuestos!$B$7)
A14: 10 | B14: =$F$6*($A14*Supuestos!$B$6*Supuestos!$B$7) | C14: =$F$7*($A14*Supuestos!$B$6*Supuestos!$B$7) | D14: =$F$8*($A14*Supuestos!$B$6*Supuestos!$B$7)
A15: 100 | B15: =$F$6*($A15*Supuestos!$B$6*Supuestos!$B$7) | C15: =$F$7*($A15*Supuestos!$B$6*Supuestos!$B$7) | D15: =$F$8*($A15*Supuestos!$B$6*Supuestos!$B$7)
A18: Costo ANUAL por escenario (USD)
A19: Usuarios | B19: OpenAI | C19: Claude | D19: Gemini
A20: =$A13 | B20: =B13*12 | C20: =C13*12 | D20: =D13*12
A21: =$A14 | B21: =B14*12 | C21: =C14*12 | D21: =D14*12
A22: =$A15 | B22: =B15*12 | C22: =C15*12 | D22: =D15*12
